,clip,set1,set5,set6
1.0,15.81143908893993,3.428053334075313,43.178574456332,21.365883994133856
2.0,31.40333346583295,3.4679017321280647,36.73533835241805,39.80878227449131
3.0,34.48503688272346,4.113450807113536,30.70234211465685,39.47662043494246
4.0,33.76214588359698,4.520392284515678,26.9344269358496,36.5607587606394
5.0,31.44321238961433,4.946286919220131,25.209339175580688,33.18422326019906
