,clip(n=5),set1(n=5),set5(n=5),set6(n=5)
1.0,39.05333023468703,13.211050106945562,73.9438531629352,47.747056303328634
2.0,60.70950582734172,13.979933733936504,70.20612594621257,72.5694952167441
3.0,67.08346355914698,15.301669108998842,63.88934684383266,73.6334441994979
4.0,67.17515827923245,16.54489923291613,59.39659806005931,71.13389739345985
5.0,65.40158606800756,17.334964193730876,55.7924958077399,68.57845587434656
